"cve_mun","NOM_MUN","Agencias de cobranza y comunicaciones","Alimentos y bebidas","Alquileres diversos","Asociaciones y organizaciones civiles","Banca y seguros","Comercio minorista diverso","Comunicaciones y transportes paqueteria","Consultorio y otros servicios medicos","Cultura esparcimiento y deporte","Explotacion de animales","Industria alimentaria y de bebidas","Industria del papel","Manufactura metal y herreria","Maquiladoras y textileras","Minería No Metálicos","Organismos operadores de agua","Servicios de belleza y funerarios","Servicios y mantenimiento a automoviles diversos","Tortillerías y panificadoras","Construccion","Educacion y otros sdervicios educacion","Fabricación de material de construcción","Fabricación de muebles","Fabricas diversas","Hospedaje","Agencias de publicidad","Fabricación de carrocerías, y equipo de transporte etc","Fabricación de maquinaria","Fertilizantes y agricultura","Generación, transmision, distribucion energía eléctrica","Industria Química","Petroquimica","Servicios de publicidad","Turismo","Fabricación de equipo electrónico y eléctrico","Minería Metálicos"
"001","Acatlán",2.08547052314604,1.86418828755935,0.179949200803052,9.73383852421605,0.145797952194,5.87637019692545,0.505245098486355,4.75397953516225,0.12079856551216,25.9122098235117,377.734862282138,0.640856007220436,0.0531973040760665,15.033312787681,21.4168803530884,0.132490944619479,7.22858506605143,1.41977022001067,0.302132299630456,NA,NA,NA,NA,NA,NA,NA,NA,NA,NA,NA,NA,NA,NA,NA,NA,NA
"002","Acaxochitlán",4.66512753621516,1.8553157020646,0.851655553107007,3.54118294063008,0.0107816569780113,5.0508853895516,0.951939474806081,0.9952267161465,1.50967188801311,43.6755699604245,1.30405514500439,0.426517696878167,1.00707931404018,1.12600129004038,NA,3.31707987072645,3.97598302575457,0.888519032809126,3.06892634920536,0.117962541583392,2.66500304624939,0.134438115045402,342.99752825559,0.782043286454565,23.9843077420032,NA,NA,NA,NA,NA,NA,NA,NA,NA,NA,NA
"003","Actopan",2.20055568030967,4.06991274056946,2.06778846409827,1.18760648624441,5.766308971773,3.54803754602367,5.3729068046238,3.17374902167626,3.40260056776517,0.228404529520642,0.512469240509973,0.938027298623566,0.824842635480936,6.96008720940462,NA,4.2290213889228,4.33681440967765,7.22428813268144,3.4251884866389,0.0249270224412207,3.85923231017673,1.17709048619511,1.4699465920851,2.57103202750042,1.5682614941771,3.72641148373263,0.00227492051741277,0.0104631892153669,2.52106493236173,2.55380608536636,0.311647691651371,1040.40584161563,3.2008286757183,1.42069887965506,NA,NA
"004","Agua Blanca de Iturbide",4.97215247517562,2.10730866982326,0.429032611225315,4.67129449682845,0.0869024089325579,3.7284152863455,0.614591316817657,1.64489838728556,0.648014431106156,92.8300618277395,0.691055690689406,0.381980199092595,0.507329361309724,0.0368201783673909,NA,0.0789708090951959,4.70916597722072,5.88178410122712,7.65548551035609,265.623239738408,1.03646373796646,1.08359930886549,22.7472101033683,NA,5.73703226088923,NA,NA,NA,NA,NA,0.154724309133098,NA,7.02264812143031,NA,NA,NA
"005","Ajacuba",9.16869003589622,3.36901253330221,1.55063373712311,2.10873896015525,0.0256398010271293,6.2028334348714,7.66118533591393,1.31459996986051,6.28466159170244,0.118545288839522,0.31857809354738,NA,6.03559768724216,31.3268909125613,NA,2.42409572950509,8.29552338860071,3.81533634630251,7.29819740333215,80.6184915343261,6.08704104478826,6.76499092085243,2.49530293963874,0.297563675790338,13.7839642306786,NA,NA,NA,NA,NA,0.0456500636629236,NA,0.230219037562718,NA,NA,NA
"006","Alfajayucan",4.60751361101846,1.48270532367462,0.397568981575049,7.25389359868986,0.322117259264388,2.41749621420157,0.0632799459163161,0.73508283105747,2.50990621176762,50.1002197683226,1.19608058338842,0.629275049698877,0.208943886234327,0.185764039884793,21.0298542835518,0.333047528213889,4.49121747276986,2.25823334837756,2.32591196036572,NA,1.31513141163852,NA,1.25395691347265,0.103842888207719,0.950180131777553,NA,923.83649205708,NA,NA,NA,NA,NA,NA,NA,NA,NA
"007","Almoloya",0.10015279084214,1.02450973896739,2.2123247988281,2.58055045005269,0.112028986450654,1.9978362411778,0.0563407308345015,1.34653631545663,0.835378452840815,0.129491142922089,0.347993934193671,0.492424261584885,1.0219005081805,0.0266997384097912,212.711273128283,6.84530627030611,0.734457874029264,0.81368982536297,4.53545307167557,NA,0.559067304477894,0.0873066507749521,7.1533433694333,14.5910076515003,NA,NA,1352.59989264311,0.617162848041028,NA,NA,0.510619162639917,NA,NA,NA,NA,NA
"008","Apan",1.44043753685295,4.15177381231427,3.6979192820735,2.14082726838826,11.9179844948404,6.50905448073363,4.81815182634649,3.06923978121555,3.6746205673588,1.38909925641456,24.4247555177236,0.650343699347282,10.4679709532425,0.122869487191328,NA,0.551339018822912,4.58869200381174,4.85867565713718,7.24189414153228,0.213419264466127,3.63095872307261,0.0648594631764685,1.31762943211676,2.0307557758354,0.768453062360935,NA,NA,0.203771422839164,NA,22.9208038388008,87.2576303050434,NA,2.07577611777799,6.91705526332598,NA,NA
"009","El Arenal",1.67781648777285,32.3694388757012,3.61934792074456,4.6354758554489,0.117298329254534,7.65630597670128,0.406483116015474,1.61988552445176,0.0971856579444053,0.542327310073864,3.02216428463412,NA,0.171194582504564,0.0124246998972741,NA,7.16727888184696,10.1051864822335,8.04894198705768,7.19341900156062,NA,4.20770622095854,17.9169804196298,2.85391124422,76.5736973302312,2.03150632624935,NA,NA,NA,NA,NA,NA,NA,NA,NA,NA,NA
"010","Atitalaquia",1.49630359721241,0.88420290770886,2.35040669936673,0.362140488446678,0.119021257826321,1.21979412313653,35.9882475781883,0.151691655230537,1.88751757122199,0.371307561516014,68.9581349854408,0.266917777332484,7.39982476138111,0.0340265735155161,0.0809085936680233,10.1691092501123,0.517953438933612,1.59663756976989,0.903823823312078,2.33576754140777,1.29884175859774,0.30772710176378,0.20776846729658,0.142711429411462,0.475809534726864,NA,NA,1.40587126403242,NA,0.0863518070056572,382.440698392534,2477.48044258653,0.0766756706243044,7.26767960875217,NA,NA
"011","Atlapexco",6.60357822742742,5.70224460117921,0.569803606081841,4.09645619450622,0.205184323745561,2.90574331286518,0.251927918639519,7.90951957186566,0.382504939900656,49.1789009249138,2.06504944397028,0.22547231370719,2.26468475108742,0.0217339297359615,0.427159816672691,0.477330202726328,1.70249445661363,4.7722511145652,2.05795214225348,11.9742322019125,1.19672509842342,NA,1.79719546614854,NA,0.805808678881367,NA,NA,NA,272.353836471682,8.04203112996702,NA,NA,38.9840023016153,38.3699746660826,NA,NA
"012","Atotonilco el Grande",1.42433556122048,2.96694210852399,3.25062675326405,1.58338679527905,5.83839111581421,3.71414220135709,1.03025121273021,4.15709052504406,0.570045609012781,16.891373594752,1.64849481590315,0.893249211017123,0.581323484484809,0.365386181916125,NA,4.39782579373777,7.83472173022541,5.68246395866389,5.53077149547454,0.0201671077325253,2.23111548628848,1.31360714726341,2.28628342321411,0.212261573580847,3.00368806563331,63.7939783324194,NA,0.716494642641581,388.432372899809,0.0722447978630001,0.0144727257995703,NA,1.16780455040366,6.08038282549143,NA,NA
"013","Atotonilco de Tula",1.15190035612509,0.98199360580017,0.979986459652092,0.487957024278146,0.0515397437470288,1.46827376998183,6.85765820300373,1.13393392316646,0.592522930374448,0.00372333342867365,0.313790357064903,0.61676423074539,80.9260109236576,0.00417977055712064,65.4609608453144,1.0790945572219,1.54831715480066,3.93482077757652,1.31583738124743,41.5444317401035,1.53365900243347,410.545680926373,0.181074829300834,0.723757187301925,0.217874412507704,NA,2.48920819255186,89.9604516653297,NA,0.00715723478715938,0.0587285077473581,NA,1.29836996684712,NA,182.584568895253,NA
"014","Calnali",10.0916157837581,2.83144252033905,4.97939158180602,8.53882764704456,0.90156926853947,4.01379691438027,0.974909220324045,2.82194978648041,0.442000487095184,9.86602098654489,9.70475093613508,NA,7.60344886123055,0.949891912218843,NA,8.14919820457353,2.52689229310814,1.67707968330007,8.4823788453583,NA,4.31404279344673,NA,6.35999993732302,5.01490462869777,2.77074041231235,NA,NA,NA,177.027902522958,NA,NA,NA,1.19750955432881,NA,NA,NA
"015","Cardonal",0.611253355220061,1.52123595240251,0.210973114295764,12.6357509382458,0.170934063030255,0.203070801949254,NA,1.14062561571415,52.2085252895166,82.2240014197267,NA,NA,0.249474870974279,0.28969612083924,184.988411858829,1.59060866775076,1.17736963491083,0.220104978801504,0.90680584997697,NA,4.95779498691238,NA,0.166355530416355,NA,75.4272214403286,19.9506477346828,NA,253.271125043053,NA,NA,NA,NA,NA,NA,NA,NA
"016","Cuautepec de Hinojosa",1.46633524001782,2.91354222829633,4.01954733256237,1.90630808257509,1.88746656563272,6.27780384205646,0.157887884992696,1.59028824252769,4.71990576389262,0.812250341889944,1.05268037975096,2.51739289136005,2.43758293727492,49.1951366963928,2.38856531557402,12.4567361332169,6.72651697198045,8.89553394765596,2.33641863516143,0.263664303673326,3.5226379940435,1.52122924611248,30.0165405985327,1.18972312907391,0.579736835823432,NA,NA,0.298706457743001,NA,0.120475360878929,NA,NA,0.0304285911424579,91.2567690915304,0.0762236296310735,NA
"017","Chapantongo",55.1182009919353,2.8983201956166,5.87159215737885,3.51665549230063,0.761162469269196,4.40119584739415,0.382797802257273,3.98680428207904,3.94155632099804,3.5192248441338,0.378301981490448,0.83642385500182,1.11090151047182,16.4870715510392,16.2264507957233,14.6361820260709,6.31566223411929,4.96185025296889,7.91442075764818,NA,6.77113548366009,2.37276254986944,1.66674250961463,4.96895607221088,7.18172094471937,NA,NA,NA,NA,NA,0.338800554099476,NA,NA,NA,NA,NA
"018","Chapulhuacán",8.2905455392587,13.4320810389666,1.83133982968336,17.1609430355015,6.23559880304681,8.14289778445516,14.6939732337736,6.80360140359287,1.22936486188207,NA,1.6592591099121,3.66861388272852,0.845918783533029,0.0884070809455796,NA,5.6664744823334,4.18933953382473,3.94809323743166,4.50180745114484,0.0575188891619762,1.67542896010176,NA,1.44403949174527,0.269064086070161,15.8644892477031,NA,NA,NA,NA,NA,NA,NA,3.33071164137171,NA,NA,NA
"019","Chilcuautla",2.85382237587612,5.93825828642257,0.246248052932471,9.83915522799411,5.39487013042063,4.01113902806574,0.0391946157616007,4.26323668363523,0.661217975332081,8.30207142100951,0.3966391221734,0.876967184537969,0.65517152854114,NA,NA,1.85656020066156,4.72191313497201,5.79645911790841,12.4159843439214,138.04709458909,11.1827320024211,0.621943910522378,0.194170359556561,NA,29.1555837051912,NA,NA,NA,NA,NA,0.355222972505817,NA,NA,NA,NA,NA
"020","Eloxochitlán",NA,0.466337554394334,2.20575167653867,8.59958322357453,1.7871381259414,1.01652435657141,NA,0.939642991273546,1.48070476119278,1036.48689134558,NA,NA,NA,NA,NA,109.199486731037,0.73227569832659,1.29443991851723,2.37019362699186,NA,1.00168629026226,NA,15.6534206838625,NA,NA,NA,NA,NA,NA,NA,NA,NA,NA,NA,NA,NA
"021","Emiliano Zapata",0.771560272471769,2.69607318707483,3.58029305803977,1.16744959393161,0.921548267679859,3.09342167595816,2.36310407345486,1.37319572857592,0.973287489424218,NA,2.33535027679,1083.47689272002,4.38903399193712,9.32554104373868,13.4235881285642,0.0871423909769651,5.42484000857417,2.81541682707375,4.05991836576087,1.25854976423457,1.99787600031689,7.7752070765457,0.0933261450276076,1.22698304596514,0.904785973105541,NA,0.114859313325271,NA,NA,NA,0.437080470241756,NA,1.9373308799256,NA,NA,NA
"022","Epazoyucan",4.88105305804637,12.9938256873054,6.73875050929197,18.0493489724356,0.341240757188868,9.12395237034957,1.18252840577649,4.59828333782104,4.52367329909811,NA,1.52638699147126,1.49992634232579,4.48230698583528,0.0361455617291017,2.84162720857373,3.17537942146951,10.1021834337655,9.91401032610578,6.70823181588502,NA,7.10942909937321,NA,NA,0.990070612591317,0.335033835323382,NA,NA,NA,NA,NA,0.607557846239658,NA,NA,NA,NA,NA
"023","Francisco I. Madero",10.8724618193303,7.20396963098248,12.5475116701237,1.33446450168145,1.42962339217064,8.28068382840203,0.63191151282509,3.02235452464907,16.0457031588052,NA,6.4541249692213,1.09095841809734,2.26400494213929,0.303914259752188,5.07292654927856,11.9097984615831,11.4268728398346,9.55092862673803,14.9239951015907,0.0754319391097382,5.91654926917857,3.63212075560207,6.44805416226235,NA,0.00676899874420063,NA,NA,NA,NA,NA,0.11047548271745,NA,0.557141814593894,5.15708141918309,NA,NA
"024","Huasca de Ocampo",0.212362577257099,1.4882632896429,0.0732966026299767,3.65667625932693,19.6710763055376,1.00407334971104,0.0466656632205004,0.800239857231868,0.442831197559798,200.162411191051,NA,NA,NA,NA,NA,4.56768108730423,0.608333674260858,0.936747810112368,0.315043877842755,NA,0.07329109876626,NA,NA,NA,1120.05559460193,6.93128460515433,NA,NA,NA,NA,NA,NA,0.53322675277558,44.4214441678414,NA,NA
"025","Huautla",9.72139474545351,9.56496871847355,10.8712490809761,9.95793735336913,2.94037428995486,4.60671109969942,3.17956490589415,3.65915378537444,2.43620017257006,0.502765626719174,19.5103194841326,0.477974761247587,8.92722842005925,0.564398811965036,0.905528523798448,4.04753534361951,4.54522282276177,4.23567431242075,12.6079610156734,NA,9.44975961434431,0.338979037508619,10.5828967020358,2.83951202259717,0.106763720943954,NA,NA,NA,NA,NA,NA,NA,NA,NA,NA,NA
"026","Huazalingo",4.46864921751603,1.87822829388246,1.54234710380489,69.3475951217565,1.24963627681355,1.3338210686464,NA,18.9821464713736,NA,101.918225513694,5.58968563049774,NA,1.82381933358512,NA,NA,1.13558172974537,0.512035563437967,0.100569176113011,12.5335678962255,NA,4.4342793758241,NA,NA,NA,NA,NA,NA,NA,NA,NA,NA,NA,11.2204482650653,NA,NA,NA
"027","Huehuetla",4.7426454580835,6.54860513307502,2.55768197872589,11.9335594570725,0.0828911255393378,5.63414173820322,2.42370524215946,1.28857984890896,3.36522781355891,14.7319780913272,10.5465217298755,NA,0.756112199137087,1.2643421320211,NA,0.075325636320773,3.74458020026751,1.50096934634558,30.1113161757033,NA,3.89937442568142,NA,9.76117355596465,0.961996077106268,6.88829064489963,NA,NA,NA,NA,NA,NA,NA,50.0451879847042,NA,NA,NA
"028","Huejutla de Reyes",3.32031092873334,4.48555332593364,3.32967454866932,2.61229920279037,7.85779511776007,5.92458303197835,0.793995841986606,6.42521021249291,1.60733109246292,0.0199568925778184,3.53619811223811,0.8601863290565,1.18239503207036,0.320269696282326,NA,0.424252804644453,3.02162547744191,4.1020148648827,2.32433690659952,0.347930902518184,3.94412678022924,0.354567655823705,8.05898077437924,227.566499150325,3.5313788994142,73.354419971083,NA,NA,NA,0.0383624428318918,0.000853900953626091,NA,1.75715504572655,51.6595454208379,NA,NA
"029","Huichapan",1.29006391576024,2.19914747128563,2.63645459538629,2.09026259289158,8.60302782333632,2.85060088437758,31.1056116946276,8.23383083145651,2.93455422052544,0.204326325432225,3.71195438418144,0.396431021650731,2.8461821650637,11.6582330717752,6.46230775469665,2.21615461080804,1.53742708278861,2.42191262877869,1.97816017485058,0.0062155006559966,1.63251166134726,395.364839800424,0.424827464462813,0.726877738704557,8.56224973508186,NA,NA,NA,NA,6.58712602454623,0.464069659890198,NA,2.72187420071212,1.87397339974541,NA,NA
"030","Ixmiquilpan",3.89999048984575,8.17603530225648,3.15281915695737,2.37618685272059,5.03117163847215,6.17082356493685,1.2118308169099,5.95090676129943,15.5461315380248,0.00953201866892089,1.1294126632346,1.57896365566217,1.53684583659213,0.358194871560015,0.00429201716235685,1.75425555731332,5.86167506564234,9.17848787537139,5.02044940044947,0.90477072254568,4.20258394276328,0.655593887979848,3.47224630616561,0.149541081545315,9.66493866918954,3.11852063369079,0.00246937332167478,0.0454301943479714,NA,54.0253859418639,0.00825894341729859,NA,6.89535193313964,24.6741695611824,NA,NA
"031","Jacala de Ledezma",0.317899776119886,2.66581141559493,15.2777744614585,2.7096104856338,1.42238631243877,2.19533945876538,1.06252434909015,6.14800925286686,2.22809299733114,NA,1.92462756959855,0.879202947552639,0.8109158517595,0.0376661866847497,5.00438234496498,1.3580009306932,2.98339832743519,3.0066755915301,4.98138376714805,0.141155425978044,1.25374320044093,NA,0.778661530143458,NA,9.99293147226274,142.04613281182,0.106480258784485,NA,NA,973.407746066078,NA,NA,4.98889292071657,NA,NA,NA
"032","Jaltocán",5.10220729728221,1.34404847381486,0.782674959098437,3.48568847278991,0.0396335485795539,1.52039097253292,3.56568200511472,1.39691616599902,0.131350975580127,NA,43.513089913596,0.17420956407449,1.17134863828653,192.258073704293,NA,0.368805753439563,1.03934428944589,0.204138162172791,25.7890964104998,NA,4.05827270046168,NA,9.87441899592102,193.301820822773,0.038912643077785,NA,NA,NA,NA,NA,40.6454727173421,NA,NA,NA,NA,NA
"033","Juárez Hidalgo",NA,0.263458228952341,NA,39.0633667236615,6.31029284899162,1.68385027457264,NA,1.29602777216854,NA,29.1755574723131,12.5450025976741,NA,NA,NA,NA,385.577773888874,2.58562784575283,2.03137813659871,8.36903184931695,NA,6.49229607912576,NA,6.14126930213273,NA,NA,NA,NA,NA,NA,NA,NA,NA,NA,NA,NA,NA
"034","Lolotla",NA,0.0621857860845956,NA,5.40799071631005,1.2450670588195,0.125915500540522,NA,1.84694720930013,NA,NA,NA,NA,0.0443640295568338,NA,1.0125092322516,0.11049116652052,0.0124551595940475,0.00978529796109503,0.0907070450528268,NA,0.318341027653659,NA,NA,NA,15.514231265993,NA,NA,NA,NA,NA,NA,NA,NA,NA,NA,4677.73737543409
"035","Metepec",3.43653445780994,0.696574918368455,0.131790483485426,5.06902001873557,0.106778927192136,1.88794057604304,0.0209767236724644,2.5108334282151,2.21174938290188,318.509679447581,2.04000006809008,0.469347586203275,0.974010775404778,0.957315937866965,314.273279311757,6.52451194108453,3.94865568239639,0.421078339134824,1.73479174939697,NA,0.795229829498157,2.99574591243304,0.935269324316813,0.309806714555054,1.84931931664797,NA,NA,NA,NA,NA,NA,NA,NA,NA,NA,NA
"036","San Agustín Metzquititlán",9.97961222912469,11.496702638352,1.53086539572961,5.00899453580547,NA,4.79183425628224,0.974654300877775,5.99220660320506,0.256914650038843,1.43366659259372,7.55154555420553,NA,1.81024225932044,2.78002212925912,NA,2.88544795830426,6.22574170436435,3.59353829206864,6.57997442474495,NA,4.92375718331115,NA,2.71599930135008,NA,4.87109131997494,144.76610605748,NA,69.9693488804701,NA,NA,NA,NA,NA,NA,NA,NA
"037","Metztitlán",0.658484634441804,2.58873380928035,1.42046821561086,4.49246602151047,1.76960522798064,3.30395913662877,3.47421955521996,8.68046647567972,1.0313594538557,62.9679502211872,1.12111546511237,3.23759135570256,2.0324346182903,0.00487626270782797,NA,0.42837857583078,2.94733527123915,1.48195246360601,3.81042047679156,0.0285530853518395,6.65889123627876,0.143505956090875,1.61288774496352,0.133566727845549,0.72317061078407,NA,NA,NA,244.423143399287,34.6299330188013,0.081963359448401,NA,0.41335157530007,NA,NA,NA
"038","Mineral del Chico",NA,8.36045907450641,0.310790799145261,3.91999930669185,NA,0.785915446958412,0.0494677046566528,1.09433455282395,14.0283861791581,209.049387978704,0.500600058699147,NA,0.0918772218625699,0.666812519611869,NA,2.34317316037062,0.412711098712085,1.29697288653891,0.333960698884178,NA,0.381997243888449,NA,2.20556972729077,NA,256.335744709262,NA,NA,373.10126276185,NA,NA,NA,NA,NA,NA,5.66374926710369,NA
"039","Mineral del Monte",1.08664470333775,16.6484562425849,2.83634341675198,0.761129584069643,0.018992185546466,3.65357041721521,1.26317259410055,2.399070992512,20.167466802354,NA,2.18083782039355,0.0834802959475229,1.81862506840237,0.0773307825347058,NA,4.52939030287623,4.11668008319034,3.82116878413596,11.915689373832,121.118611761722,2.06724838022423,0.532836990547939,1.84834727750487,9.60125667163958,121.135880431232,NA,NA,NA,NA,NA,0.304329596996163,NA,NA,NA,NA,0.0724854046830337
"040","La Misión",6.93271233605474,5.18027442760245,NA,28.1875166008436,34.1986624492146,7.54903125018864,25.6088660580389,8.42540908472465,6.42511468570087,NA,3.85417811353346,NA,0.707373424116577,NA,NA,1.76175418637587,7.14939925897006,1.40421729371674,10.2848091529553,NA,5.07586855877638,NA,NA,NA,7.61374457690258,NA,NA,NA,NA,NA,NA,NA,NA,NA,NA,NA
"041","Mixquiahuala de Juárez",3.69398893570519,4.31660956622018,5.64594313034548,1.7665696230584,4.13202500846198,5.56250008408052,3.49137205485285,7.39625049521552,3.98034744996813,NA,1.20252428214599,2.19733502744514,1.58733822561087,0.589825946775904,124.21565929604,1.86282505584773,7.54400972402139,6.03727124933664,4.35352153972225,2.95570581290944,2.02983170434242,1.19310938570842,1.59827645398245,0.479543717470575,0.191723368175176,0.911665780918682,0.00935575381749509,NA,NA,NA,0.451839003885225,28.5414227973728,0.280539387238195,25.7663668225406,0.0439219528963318,NA
"042","Molango de Escamilla",4.38243446661896,2.16178130651632,1.5125902209352,21.1835587727066,0.864731664980609,2.90798408960969,0.616332202546403,5.09697626576929,0.162462497710494,NA,0.609093605304905,NA,0.876429649424991,0.0467325385035787,NA,2.99533401728533,0.984227200782924,2.27240916958027,4.05753869569518,NA,4.66654796385883,NA,1.19270054549941,NA,1.20323529364985,5.72151665211689,NA,NA,NA,937.997597171656,NA,NA,NA,NA,NA,NA
"043","Nicolás Flores",6.63974378701114,1.24034047853123,NA,22.7960364169819,NA,4.0244112885431,1.4590520205448,8.06936086650949,6.15359663682424,34.3390535385123,0.922826231022131,NA,2.70992250663479,0.19667663191917,15.4619721431023,17.2779976241798,1.71181844167007,0.149430740646136,15.3909137496735,NA,4.86136811872971,NA,7.22815238613634,NA,7.29199637888732,NA,NA,NA,NA,NA,NA,NA,NA,NA,NA,NA
"044","Nopala de Villagrán",0.671143303602007,2.00597187615872,NA,17.1868418765928,5.0749212599088,1.88804925940025,NA,3.55246559551561,13.7400616441691,NA,0.839510979166596,NA,366.929798828976,0.178920132838845,NA,64.1890359753562,2.32629347082752,1.22345755747136,1.55570892955483,7.82727073387829,7.11792166405422,NA,1.64389380233849,NA,1.65841379837526,NA,NA,NA,NA,NA,NA,NA,6.7407651394909,NA,NA,NA
"045","Omitlán de Juárez",8.13599655377353,20.0636913536355,11.2325045985637,14.3075131433509,0.252799148187358,3.63430761133798,3.33929982787182,1.62823262972234,18.5072404036559,NA,4.52313298595374,1.11118057762916,0.092238834317777,NA,NA,15.446784346096,4.37641825845719,2.55207198205351,3.01747598084684,41.1496044765193,1.11600035729718,NA,0.984111314971011,0.733467507135709,44.5669563048324,NA,NA,NA,NA,NA,NA,NA,NA,NA,NA,NA
"046","San Felipe Orizatlán",9.98685425938595,4.21627454437467,3.53947808511799,2.36704207401866,2.9437098119483,5.80648666667499,10.0502233644416,3.34068470203621,1.06995188995298,0.516494512582309,32.5153209307959,0.218234084270762,1.01900020528405,1.70393348176252,NA,0.462006700397094,2.35096939401089,3.59614606003183,8.63277107851617,0.00769863240941525,3.42673604161222,1.89594854474364,52.9392958335902,0.576207370735883,0.194985047434119,252.423509692315,NA,NA,NA,NA,NA,NA,0.111450016517495,NA,NA,NA
"047","Pacula",NA,0.473192253763538,NA,15.1377536579299,0.708362220027306,0.546269798804117,89.7790338927318,0.0363714146030901,0.586902207847535,NA,3.1685396750569,NA,2.32614133895269,NA,1548.07367306773,43.2830511104972,0.290249775218368,0.228032448095643,0.234866515791289,NA,0.165259183938988,NA,0.689388473839127,NA,NA,NA,NA,NA,NA,NA,NA,NA,6.36036404369613,NA,NA,NA
"048","Pachuca de Soto",8.67216359268483,4.76710944875939,7.36681355592776,5.33213594788841,21.8602339102255,3.15552771303553,4.83975662610574,6.9545038888227,7.33818537445558,NA,0.579433621786345,2.03378316404229,0.399368977726749,0.64093879985297,0.121970472571186,6.14572772721894,3.42746656972089,3.648273532435,1.55143338346857,26.6803331541412,5.78685895037337,0.229295281302603,0.882322402716326,0.286478568672863,1.63126537589992,44.1921980072329,0.000572989086846308,0.117128257900761,NA,3.37309618901959,0.102435586345664,0.194223007395365,46.9066047658352,43.0359552554927,0.290948341177728,0.521463441958919
"049","Pisaflores",7.15643035745269,15.6059879256476,2.47003044949992,15.1681903158503,19.6479392566601,8.28991753267579,0.174732381045514,3.37771494608543,0.736939175029879,NA,3.97855210453129,0.977395499838177,2.0283341742003,0.0942139847170536,NA,2.06916931134805,9.1112466030115,4.58123460931473,7.67056506057159,NA,2.12486557744864,0.693167532393581,26.1851639564325,NA,5.90331229740911,NA,NA,NA,NA,NA,NA,NA,NA,NA,NA,NA
"050","Progreso de Obregón",3.95293607525099,3.77995441904862,3.49273482403264,0.655355993686652,5.69611652883385,4.34048545771329,1.25083993537602,2.97515149880063,1.47721920702445,0.859141134509805,2.13216521105677,0.777420823356112,0.801869280207632,0.0658633413210267,0.368208108262007,26.4360554128629,3.07368323226691,3.75867808922843,2.71163152183919,0.00685625846031686,2.22153712654126,50.2841125235106,1.70795674926586,0.128289884826599,1.38583590776451,NA,0.0132403256582514,59.2796603557549,58.6916693652738,75.927609354522,NA,NA,5.00345999557849,18.6044568551619,NA,NA
"051","Mineral de la Reforma",13.9718915853994,3.73264146639308,5.89042521852791,1.25016575062483,3.87263396075238,4.02685925467523,6.52590712099231,1.40771331667736,2.21533098943872,NA,4.86990389639951,1.04738374076616,2.22061412456634,1.8593665532996,NA,0.363678413679976,4.73528888796012,4.13862541520401,3.11170620986912,21.3619416280851,5.25188843617717,9.29860898011242,2.06223894617329,45.5459210379901,0.630197983226046,0.572684471823224,7.43264014048515,5.01798561977662,42.7665375997411,0.00106465784366782,5.50104115016347,NA,20.841651460015,0.0896054450860043,0.0475291469316492,NA
"052","San Agustín Tlaxiaca",0.892687635696273,2.77593595224003,6.18388501138032,0.789564284205761,0.00998543227833907,4.34248500026332,0.898351963531548,2.48364861406669,112.479745329329,0.0461675171492439,0.317620184973014,0.774238007135368,1.66852461089405,53.1657773973466,NA,2.38139628642961,4.05979851058388,3.60742859991678,12.5222628871355,2.37924433097338,13.4379382317165,0.124509868580612,3.14862187549496,0.260744197757105,0.0392152180312062,NA,NA,NA,NA,NA,146.576823102895,NA,0.0896589098462398,NA,NA,NA
"053","San Bartolo Tutotepec",NA,2.87945421018204,3.03036319020757,5.64569458418664,0.0501071964170029,3.0567339729421,1.02412401814883,26.5578138162948,2.03426036194833,8.9053938528413,2.59096589966582,NA,1.17008733210087,0.00530755111459495,NA,3.06169962513989,2.48428819658387,0.907327115706088,4.36009395353845,NA,1.15732804919985,NA,0.195060225910656,NA,4.16393106108313,59.8864328814038,NA,NA,NA,770.672297794275,NA,NA,NA,NA,NA,NA
"054","San Salvador",9.369394373747,11.2419815244243,13.260729996179,5.96641361513128,0.163756631636485,7.81700582435197,1.90735903547502,4.14390363655641,10.2694634784131,3.028506683994,2.46198569572841,0.719793519231227,2.15099597131305,2.02320779235725,0.340914215432559,2.50150504092793,10.4842030715352,9.96656612061738,11.8126857859326,0.025392118439049,4.01381027954273,0.510476565158125,3.98425872996729,0.475120937885183,NA,NA,NA,NA,NA,NA,0.0728896126331252,NA,3.30832371524417,NA,NA,NA
"055","Santiago de Anaya",3.45347087284947,3.58169110573154,3.65037727898345,5.22545459118396,0.0603591582372868,3.26142151806899,4.46271074419331,2.36083774916935,1.92236967272885,NA,1.55513973161094,NA,1.4094878875673,3.50081346546189,NA,0.561665700612139,3.56141159511536,4.37186710620283,7.68813555369276,NA,3.10531953451463,980.831674838434,3.75951460339043,1.5761260857996,0.0592612689284842,NA,NA,NA,NA,NA,0.107465709786794,NA,4.87766834559393,NA,NA,NA
"056","Santiago Tulantepec de Lugo Guerrero",3.24320694411114,3.90396065661944,16.8249928092515,1.72558612461156,0.13416379211222,4.99500766681245,0.52898512157197,1.54996769050706,2.35213010928991,122.275427301661,1.66700377545728,0.0943548749021495,5.45885251684056,15.2144408620511,NA,1.27985307958044,5.71942237768918,11.1118229329856,0.830172864012496,8.25494210481189,2.56922378468561,0.60224711730769,2.39183650898391,2.63140256639761,0.0843030080288003,NA,2.1762184028669,NA,NA,3.20705201869238,0.0382192398120513,NA,0.770977816887946,NA,NA,NA
"057","Singuilucan",4.06544718738082,6.35945555283141,14.8211158995627,2.88747505140537,0.0710551729327261,5.8000171440093,13.5880455131342,4.52049329974439,2.11937864695483,NA,5.08533353564097,0.312323552785116,0.933332526395185,106.581960615804,0.591700459168168,0.66119632302497,11.6458768628463,6.2273725584309,2.12622209125576,2.9633533199178,2.40702171379365,0.885997721202108,3.5848362394626,10.6872499484505,0.0697627308746166,NA,NA,NA,NA,NA,0.126509295627017,NA,0.638002358486171,NA,NA,NA
"058","Tasquillo",4.41955877591396,2.2379701930715,4.4828187919109,1.29124745699678,0.403561916980926,2.91466275691428,1.46588260592934,5.60720950358576,3.75240877871404,597.841263168526,1.80515265939337,0.110866217122212,0.92029782003508,0.00267167898954901,NA,0.404318438047204,4.13396396570572,1.95071960810169,5.96181411856964,0.160195451268899,2.28366743800206,0.0786261673612557,2.45470225349847,1.29090429998757,5.13502958274173,NA,NA,NA,NA,NA,0.0449072985751184,NA,NA,NA,NA,NA
"059","Tecozautla",2.6805700147116,2.01412372279245,16.8426507359532,1.23290146443217,2.42873160957149,2.55885340978642,0.116354068615475,1.59849133096419,5.3440154210178,148.94405313727,1.52353881004861,1.01694751686263,3.94947989859975,0.0627369716861465,3.156571634446,0.711803178675718,2.99418504981616,7.44784730323971,4.15538098547468,NA,1.56811261491423,1.41358682526178,2.60289090816473,0.0268506478640059,59.0265434060986,NA,2.98132078784604,0.203928936822136,49.1358877999674,0.0822493508943189,0.0659077103347124,NA,2.07738067920037,6.92240210200328,NA,NA
"060","Tenango de Doria",10.8973547087921,7.15670683768164,3.76120448397665,15.1600439321381,3.04739287031823,5.68897149142556,0.336746490264714,4.47858491892049,5.68095459456356,0.880598848147103,0.378642802215441,0.837177407979629,1.73734741642933,15.1461994538755,NA,0.173078545488542,7.80413846373884,3.00431733645336,12.3774234945407,NA,29.0068445080832,NA,NA,0.552603635109683,2.99196300433351,NA,NA,NA,NA,NA,NA,NA,NA,NA,NA,NA
"061","Tepeapulco",0.946219712894345,1.17815787090719,2.60281483438556,0.74785912592252,3.77464080947596,1.47364628916582,3.41052700873715,2.23134869401158,1.54404939582199,0.188288002214312,1.35315020104724,31.4495962321957,51.9997752641972,0.200846938437357,0.21917275446787,0.833255427236508,2.43439233970016,1.84791589482787,1.00732633251673,0.713199874910367,2.57739767447381,0.0195231347055369,0.404852180928988,2.13913102893126,0.922725637559893,0.0456857795775394,472.59769288,107.041551693458,NA,35.7693912078984,25.5841151918344,NA,7.96330123039492,10.5405308258901,NA,NA
"062","Tepehuacán de Guerrero",9.2819126697982,1.73391208634648,3.20363725752251,24.4570292720811,4.38663543312626,2.63371039575844,0.12747850171081,6.71840742554589,0.134411122487279,0.750057406044766,0.725652363673696,0.713072832595377,0.236768021999115,NA,5.40369778333462,0.147421093207529,0.415452497527875,0.835576268815668,1.62710638314573,NA,10.11743871832,NA,0.15788231388385,NA,0.637107354482201,NA,NA,NA,NA,NA,NA,NA,NA,NA,NA,283.548938066755
"063","Tepeji del Río de Ocampo",0.922638219159592,1.28966548212149,1.48235661092555,0.706044875727546,2.76559691541094,2.32015875898532,10.120073085982,1.18700890523351,4.63725808681121,1.36192105554188,3.32996914757583,15.6293421087412,16.0273325644146,30.6706158169378,NA,0.825788797302386,1.37482158386525,1.28827932687104,3.52729153804211,10.2243293542484,1.21335726398588,0.319363777381966,0.237529965308139,9.75347987750905,0.766704997729525,NA,NA,NA,1.60665418256061,0.890838251301938,67.0589868150816,4.42284213792641,1.33907724433452,0.905399844270836,797.016792751647,NA
"064","Tepetitlán",17.0150420398749,6.45434760535712,16.3130956817834,25.8542439923128,0.528686081123947,4.43994465768906,6.98357313445928,5.6289535268119,4.48547237508143,NA,2.3648393100736,2.32384368863623,NA,0.573445190748007,NA,0.480432799234919,14.2129561525362,4.25479994359871,3.54967522234168,NA,24.6956789153187,1.64806671975374,0.51452502731156,6.13568621191613,NA,NA,NA,NA,NA,NA,NA,NA,NA,NA,NA,NA
"065","Tetepango",12.0739600899979,4.11061562648375,1.85213686331973,5.163716789816,1.65444820603018,8.57474848202054,0.0736998646600673,3.88415074972547,2.79748295213988,4.44042153434621,3.94540417098636,0.412252815570969,12.6152322949,0.00993456089991108,NA,8.8672654732181,4.65003762545511,6.79326212221374,8.06068707692613,NA,10.494289438243,7.90566113515882,0.3651095677875,1.08847851027658,0.0920836163924139,NA,NA,NA,NA,NA,1.70994164101729,NA,NA,70.1555318673031,NA,NA
"066","Villa de Tezontepec",0.298686931893611,1.39770005214543,0.634052824110494,0.378535761079948,0.282786861272165,0.778489036722284,1.30558572930519,0.553458480562221,1.84260963487633,0.158180585268782,0.514363518273763,0.367140772229188,30.1249861494665,0.0951843065848011,16.5641605424142,0.256976849208919,0.897180870811484,0.430214281860661,0.408368039439478,NA,0.471697962793289,51.3256797642677,22.0773337931952,12.70299089834,0.0578641963415516,NA,273.024382955946,549.592018305707,NA,NA,5.79054575823792,NA,35.0883033046486,NA,757.504753315915,NA
"067","Tezontepec de Aldama",6.72705314414326,6.91148510790065,5.06461537674659,0.899215112849439,7.69940226960441,8.34355648701636,0.692847449287209,3.03742366695759,15.503279619946,15.7612718466794,6.43302918205836,0.195710686617843,2.26207874647323,0.279628244931732,0.0231735051085727,1.76249603449288,7.72327847999951,8.03390588582073,11.9281245869784,0.265392669333695,4.74045327277179,1.29116604527899,2.12329439222265,0.201850952946149,1.25124063838518,0.324798419396319,NA,NA,14.77524985842,NA,0.0445917759021927,NA,1.22435733071398,NA,NA,NA
"068","Tianguistengo",11.1870918616829,8.99793812260229,0.965301699293874,37.1281257070524,0.782104118153149,1.89082580809939,2.45831006562924,6.17465568402728,0.647999880192705,NA,0.388710097481877,NA,NA,0.745591869586625,NA,7.27778634266577,5.12744554857962,3.08419565322891,18.7356229986281,NA,48.7764625129808,NA,0.761155167727764,NA,3.07151284606995,NA,NA,NA,NA,NA,NA,NA,7.02249043058253,NA,NA,NA
"069","Tizayuca",3.21070839708154,2.43545208428605,4.54035599257886,0.695888730366338,6.48796296900861,2.87885061609491,5.53857382905444,0.878860035056754,1.96620375239013,0.00430234328618558,19.9008304978881,14.5107641341341,10.9930189217496,2.80060216677269,0.000756731234944998,1.25340563489617,3.50936634993186,4.56195483891274,1.99316429201926,0.263698517434548,2.57262981221449,8.65556105537518,6.18254070046195,4.80516455377641,0.160396519454525,NA,3.34098999145051,34.3642923535738,NA,1.97093515440702,169.057306368918,0.202272129965231,4.51656130344167,1.08758388520881,91.1711948237036,NA
"070","Tlahuelilpan",3.48299856459779,2.50589126471189,2.75660667700587,0.866634984936548,0.334142939332226,2.71396182125064,0.295566483417748,0.674117534896377,1.5178099452963,NA,3.02553319556451,0.78635041462318,6.22641430899534,0.0084220661450449,NA,0.303645647993386,2.42359069103163,14.4983887351054,2.675964766394,3.1957761927616,5.88551586466882,0.418878610183555,0.696427165973268,20.8198238157912,0.63407708516411,NA,0.243801317370738,NA,1774.11431430614,NA,NA,NA,0.0446201645210164,NA,NA,NA
"071","Tlahuiltepa",NA,7.48171300307463,NA,97.10141237149,7.16801297105051,4.89657832046787,NA,31.1515197855127,NA,NA,NA,NA,2.61539315130282,NA,NA,6.51378702710095,6.608422517849,2.30749113879474,2.37664599276977,NA,5.41818720344245,NA,NA,NA,7.03763201418997,NA,NA,NA,NA,NA,NA,NA,NA,NA,NA,NA
"072","Tlanalapa",0.757287035849516,1.43731019108592,12.8074438319633,1.0815121144027,0.0529429199907188,3.94470697361452,39.7225339378974,2.4792857176375,4.38650110832428,NA,1.76928112750174,2.38296071464666,34.7278425093843,24.4281086546208,11.9212222120188,0.492654687663785,5.21180056430001,1.53814175014174,3.74178919758365,161.823706636944,2.03950305099734,NA,2.52471638276742,NA,3.49513026972761,NA,4.47443268519362,NA,NA,NA,0.0942615609816991,NA,1.90149183655937,NA,NA,NA
"073","Tlanchinol",4.78858256901079,5.06344747554876,4.59103218465909,10.2401523592927,1.00581596913618,6.33333541925271,0.618499849141371,28.3342171539019,0.770481474288341,1.54783262808764,7.39491319386138,NA,5.98533727966761,0.193064311565803,NA,2.27286853485321,2.57581723992112,2.3469788180201,13.5124326279576,NA,6.27952238261153,NA,6.11796758354683,0.431695084479459,0.913018589305826,76.5841338158503,NA,NA,NA,NA,NA,NA,1.33597525444528,NA,NA,NA
"074","Tlaxcoapan",3.72019596071945,2.37847652607585,3.24398142412276,1.11320526864456,10.305482797351,4.79318510371641,0.264134774092069,3.73139970647029,2.53753200025629,12.1520489201282,17.7107437284193,1.3178784417409,3.83599516899312,0.0369356228056791,NA,0.40266521824684,5.58932486878815,7.0864723894878,4.9395737070136,12.4921893796123,3.33212669932677,1.08699678055325,0.549706248592892,225.982533937962,0.653703669165918,0.336352267173566,NA,NA,15.3008404325745,7.57714942253317,0.00513089009001503,NA,0.232881541716327,NA,NA,NA
"075","Tolcayuca",0.284036443510937,4.47470448183253,5.86291211584765,0.686339996550277,0.00882549181273046,2.28365287732694,0.116578570388588,0.574306477306144,0.491673695363601,NA,0.227386752396849,1496.34218162157,0.403936558813701,0.511875935311574,NA,0.678811737865853,2.93727857934151,2.47243115645235,2.73998057639111,0.00547392630520572,1.95956406486443,0.485304602398041,133.775540611995,0.451692386270326,0.234300586485033,NA,0.745880073043054,NA,46.8584833396379,NA,NA,NA,0.316975350782889,NA,NA,NA
"076","Tula de Allende",1.00674552739189,4.86763661477621,4.83764798696311,1.27797812749874,27.2802420602263,4.64300091278359,49.9007117663473,9.90387730582359,5.22142705559533,0.0130165747631693,2.59469787912354,0.543135099272674,0.619741249831118,0.133869173206383,1.04848172273417,36.9171904744786,4.51965736544591,5.34727018389646,2.66865754019365,12.1383258636405,4.21177413855578,1.19880136601921,1.51311320283263,0.319074704901961,2.90836956331261,2.71600866606766,0.00526888367908053,NA,NA,2.22855820328685,0.00195800519714861,NA,10.1747501022225,17.4064454414957,NA,NA
"077","Tulancingo de Bravo",2.15470151670379,5.49808645617662,3.79951978813005,0.908717717387988,11.2429182934015,6.94243864673053,5.65588638760519,7.61451824399652,6.44416907355111,0.0311077348046747,2.29456750197601,1.65812326292921,0.784652160326148,6.44843492393736,0.0705265914335196,0.527977906452644,6.42301765889595,10.1774614149243,1.52932869814931,0.702609989805271,4.44071602394773,0.798636180419905,5.40542983570668,1.25697921028753,2.15190075235424,17.7635038031996,0.06013656082225,3.15053271205606,2.12510472671094,1.05237592168726,2.1011517632093,NA,8.38401160555986,40.2860169287526,0.00225063671046347,NA
"078","Xochiatipan",36.5617952104835,3.84184318889313,0.788702807715328,31.7784464942744,0.63902064438956,4.09412413487503,0.502142504362869,3.28110169344302,NA,NA,45.7339413691644,NA,2.09843537011537,NA,5.32134105227256,5.94633835888989,1.04734890229926,0.822841409685514,19.121757850846,NA,11.8087822819925,NA,22.3885525737603,NA,NA,NA,NA,NA,NA,NA,NA,NA,NA,NA,NA,NA
"079","Xochicoatlán",1.14351853262289,0.224429806053437,1.57873434327747,27.6841676627452,0.319779461760591,0.7577693810698,0.251282742086786,2.05964046036955,0.264948167512876,1.47849621060809,0.635728685572891,14.3932728844561,0.466711774989091,NA,NA,0.29059312782524,0.294815007224326,NA,1.01891902098243,NA,1.44432900773618,NA,0.311214049642192,NA,1.2558516211708,NA,NA,NA,NA,NA,NA,NA,NA,NA,NA,1113.11510578398
"080","Yahualica",11.4254666877739,0.578976700442396,0.985870371433113,6.1407646081613,0.0887521346408582,2.00887088889755,NA,0.236237371824065,0.0735341641595362,1.64137739212443,2.82305949663585,0.390110682504989,0.51812791308426,636.483974331751,0.7390690452456,0.0806517099768046,1.39790831479683,0.00714266160859374,9.01198830641489,NA,4.9105536757057,NA,4.23236890546718,NA,NA,93.2287156976282,NA,NA,NA,NA,NA,NA,NA,NA,NA,NA
"081","Zacualtipán de Ángeles",1.64136460916931,1.90541440191585,0.957409268292041,1.77305294061169,4.95532355481195,3.85864086935427,0.350450449673143,6.20694374951369,1.2321619343839,NA,0.637307923410444,0.370567979581452,0.542619796985721,489.808950656558,NA,0.572372581959051,2.90267380765704,4.00638489121818,2.30629614306152,0.546663204840349,4.03137218051052,0.0292006996636672,0.822758130919273,0.183725024348608,1.60247764292943,NA,NA,NA,NA,23.218399002666,0.0735498296358234,NA,1.70320904843492,NA,NA,NA
"082","Zapotlán de Juárez",5.6787461308543,3.12618013064472,68.0738516081411,1.99855683547839,0.885346634810226,4.71779881240622,0.695705499244914,3.0141979792623,5.40424234013809,NA,2.26311164079411,1.19253108960568,2.70337015909745,68.4556383090849,NA,0.00641375059408518,4.39868650959414,3.21213836681926,3.11765991586504,1.29507291062376,2.29089493820666,0.0220015971427129,42.6518976272681,2.56873092271645,0.12223727179877,NA,NA,37.8491256428905,NA,NA,0.113095816909134,15.7100616178452,0.253491773743492,NA,NA,NA
"083","Zempoala",3.61663987714814,4.41763538044743,0.575528010878195,1.79268751369483,0.148137829174358,3.33521635326441,8.12557703585018,2.01850647502164,3.02896589302215,NA,0.375404883822742,1.43372971825857,0.965213481924984,2.7716035058676,48.3116926708143,0.235475145701901,4.51966934036084,2.52334678706094,1.7587176869104,9.72935353202286,4.29288154901983,0.192211555189872,3.2417975195623,80.0255368372115,0.015134579553443,NA,74.684131672123,0.0849203853418015,20.4612380719862,NA,16.206225315958,NA,10.7185124369043,NA,NA,NA
"084","Zimapán",0.341174646043603,0.691314948533768,0.556502274984852,0.918566959322802,2.16250278627479,0.923837219607306,1.23897845540042,0.822367176203671,0.556030302382308,3.36237026622783,0.035854996002429,0.0792752230883668,0.1332575009698,0.0234023035089508,205.607092155749,1.21216045645265,0.939459451789416,1.02314869873987,2.01905824574658,0.0470106427755877,0.890768062476535,0.236272443234323,0.109702640834164,0.00327049679339206,0.605993466063091,8.84635868135551,NA,NA,NA,0.673626467369848,2.9593589163191,NA,0.389061643556552,3.3726849336133,NA,1409.55922513623
